,AnnualVolumeM3,YEAR,WAP,DataSource,RecordNumber,Source
34,369384,2021,BU24/0058-M1,DataCol,CRC203050,
56,114684,2018,BU25/5022-M1,WaterCheck,CRC222773,
68,233278,2018,BU26/0002-M1,WaterCheck,CRC204020,
84,106654,2018,BU26/0009-M1,WaterMetrics,CRC202596,
90,138384,2018,BU26/0013-M1,Boraman,CRC201378,
100,0,2021,BU26/0033-M1,Loncel,CRC210557,
107,121972,2018,BV24/0004-M1,WaterCheck,CRC202106,
166,76760,2018,BV24/0041-M1,WaterCheck,CRC202954,
172,162919,2018,BV24/0045-M1,WaterCheck,CRC202953,
181,108641,2018,BV24/0049-M1,WaterCheck,CRC222984,
198,54519,2020,BV24/0108-M1,WaterCheck,CRC204676,
199,54519,2020,BV24/0108-M1,WaterCheck,CRC202955,
204,35,2018,BV25/0003-M1,WaterCheck,CRC221037,
225,14585,2019,BV25/0018-M1,AnnualManual20182019,CRC203490,
251,90092,2018,BV26/0004-M1,WaterCheck,CRC201637,
265,78439,2021,BV26/0012-M1,WaterCheck,CRC204837,
266,78439,2021,BV26/0012-M1,WaterCheck,CRC204834,
269,3559,2022,BW21/0010-M1,Aqualinc,CRC210185,
274,92065,2018,BW22/0022-M1,WaterMetrics,CRC141422,
282,213305,2018,BW22/0023-M1,WaterCheck,CRC202524,
287,172019,2018,BW22/0025-M1,WaterCheck,CRC210165,
294,40454,2018,BW22/0063-M1,WaterCheck,CRC214367,
346,29284,2018,BW23/0075-M1,WaterMetrics,CRC222231,
365,192785,2018,BW23/0209-M1,WaterCheck,CRC222883,
370,31464,2018,BW23/0213-M1,DataCol,CRC220380,
424,47733,2020,BW23/0470-M1,DataCol,CRC201840,
459,0,2019,BW24/0382-M1,DataCol,CRC222328,
471,0,2022,BW24/0569-M1,DataCol,CRC211968,
478,100382,2018,BX20/0037-M1,WaterCheck,CRC210088,
488,44723,2018,BX20/0041-M1,Boraman,CRC223129,
493,0,2022,BX20/0051-M1,Loncel,CRC203381,
494,152551,2022,BX20/0054-M1,DataCol,CRC210670,
498,20048,2022,BX20/0116-M1,AnnualManual20202021,CRC212637,
500,11434,2022,BX20/0119-M1,Loncel,CRC221236,
501,439824,2018,BX21/0009-M1,Boraman,CRC136981,
549,37176,2019,BX22/0030-M1,DataCol,CRC215250,
550,37176,2019,BX22/0030-M1,DataCol,CRC215251,
563,72251,2018,BX22/0052-M1,WaterMetrics,CRC202028,
611,21468,2019,BX22/0152-M1,DataCol,CRC225118,
637,65265,2021,BX22/0190-M1,DataCol,CRC201412,
639,317002,2020,BX22/0195-M1,Loncel,CRC201224,
671,0,2018,BX23/0253-M1,WaterCheck,CRC230798,
683,178714,2018,BX23/0270-M1,WaterCheck,CRC203054,
688,0,2022,BX23/0295-M1,Loncel,CRC223137,
702,171610,2018,BX23/0354-M1,Loncel,CRC195375,
708,11573,2018,BX23/0473-M1,AnnualManual20182019,CRC222521,
723,34736,2018,BX23/0539-M1,WaterCheck,CRC195522,
755,42222,2021,BX23/0642-M1,WaterCheck,CRC212886,
762,1513,2021,BX23/0662-M1,AnnualManual20202021,CRC213549,
765,31119,2019,BX23/0707-M1,WaterCheck,CRC221608,
768,0,2020,BX23/0724-M1,DataCol,CRC202945,
775,48,2019,BX23/0740-M1,AnnualManual20182019,CRC182846,
802,6011,2019,BX23/0790-M1,WaterCheck,CRC200136,
816,28684,2020,BX23/0842-M1,DataCol,CRC201918,
825,2495,2020,BX23/0871-M1,DataCol,CRC203209,
828,1576,2021,BX23/0968-M1,ScadaFarm,CRC212947,
831,17,2021,BX23/0998-M1,DataCol,CRC201960,
833,0,2021,BX23/1003-M1,Number8Systems,CRC211514,
835,14817,2021,BX23/1004-M1,DataCol,CRC212224,
837,924,2021,BX23/1028-M1,WaterCheck,CRC221492,
839,8,2022,BX23/1105-M1,DataCol,CRC221237,
867,236823,2019,BX24/1652-M1,AnnualManual20182019,CRC204672,
899,30123,2019,BY18/0004-M1,AnnualBoraman20182019,CRC166770,
900,30123,2019,BY18/0004-M1,AnnualBoraman20182019,CRC143522,
913,21257,2018,BY18/0009-M1,DataCol,CRC200336,
918,58289,2020,BY18/0095-M1,AnnualManual20192020,CRC991986.1,
922,11667,2020,BY19/0103-M1,DataCol,CRC200179,
925,179844,2018,BY20/0002-M1,WaterMetrics,CRC211178,
956,0,2018,BY20/0018-M1,SeasonalFlow1617,CRC054382.1,
992,121487,2018,BY20/0060-M1,WaterMetrics,CRC201217,
1024,3562,2020,BY20/0081-M1,DataCol,CRC201724,
1032,214921,2018,BY20/0090-M1,DataCol,CRC214871,
1063,78356,2021,BY20/0103-M1,Loncel,CRC200216,
1065,120209,2018,BY20/0109-M1,Loncel,CRC223491,
1075,102502,2021,BY20/0114-M1,WaterCheck,CRC203230,
1101,297281,2021,BY20/0126-M1,DataCol,CRC195350,
1109,49020,2018,BY20/0130-M1,Loncel,CRC201001,
1119,7720,2022,BY20/0133-M1,DataCol,CRC224831,
1120,60234,2018,BY20/0137-M1,Harvest,CRC223335,
1140,327317,2019,BY20/0145-M1,Loncel,CRC203679,
1159,95528,2018,BY20/0162-M1,DataCol,CRC221075,
1190,14960,2019,BY20/0183-M1,DataCol,CRC220367,
1199,2897716,2021,BY20/0215-M1,Loncel,CRC195463,
1204,0,2021,BY20/0220-M1,AnnualManual20212022,CRC201404,
1209,24148,2018,BY21/0002-M1,AnnualManual20172018,CRC203099,
1215,156158,2018,BY21/0024-M1,DataCol,CRC230078,
1226,281909,2018,BY21/0034-M1,Boraman,CRC222481,
1231,356196,2018,BY21/0037-M1,WaterMetrics,CRC223959,
1323,230547,2020,BY21/0131-M1,DataCol,CRC222589,
1341,6171,2021,BY21/0193-M1,Loncel,CRC223669,
1362,0,2018,BY21/0205-M1,DataCol,CRC230675,
1377,81504,2022,BY21/0215-M1,Boraman,CRC220162,
1379,49912,2019,BY21/0221-M1,DataCol,CRC231043,
1389,7971,2019,BY21/0240-M1,AnnualManual20192020,CRC221077,
1390,205741,2020,BY21/0268-M1,DataCol,CRC220287,
1401,3501,2022,BY21/0313-M1,Aqualinc,CRC222753,
1402,3501,2022,BY21/0313-M1,Aqualinc,CRC222754,
1403,92363,2020,BY21/0331-M1,WaterCheck,CRC202171,
1406,33007,2020,BY21/0337-M1,Loncel,CRC201553,
1409,562489,2021,BY21/0338-M1,ScadaFarm,CRC203119,
1412,0,2020,BY21/0351-M1,Loncel,CRC204263,
1415,67794,2022,BY21/0385-M1,DataCol,CRC211681,
1416,101313,2022,BY21/0438-M1,WaterCheck,CRC220811,
1441,210402,2018,BY22/0012-M1,AnnualManual20182019,CRC223125,
1588,6902,2020,BY22/0042-M1,DataCol,CRC213366,
1615,274542,2021,BY22/0065-M1,Boraman,CRC182948,
1617,82016,2022,BY22/0072-M1,Harvest,CRC221455,
1628,16529,2022,BY23/0008-M1,DataCol,CRC202040,
1633,203880,2020,BY23/0015-M1,DataCol,CRC202091,
1661,91,2018,BY23/0755-M1,AnnualManual20182019,CRC221322,
1675,0,2020,BY23/0770-M1,DataCol,CRC225137,
1676,0,2020,BY23/0770-M1,DataCol,CRC221293,
1683,447,2022,BY23/0776-M1,DataCol,CRC221826,
1692,24040,2020,BZ15/5111-M1,WaterCheck,CRC200372,
1714,9532,2018,BZ18/0001-M1,Boraman,CRC144717,
1730,106012,2018,BZ18/0016-M1,Boraman,CRC230569,
1748,132828,2018,BZ19/0040-M1,Boraman,CRC221942,
1749,132828,2018,BZ19/0040-M1,Boraman,CRC221945,
1887,578053,2018,BZ19/0218-M1,AnnualManual20172018,CRC204935,
1893,171311,2018,BZ20/0001-M1,Boraman,CRC222129,
1919,288059,2018,BZ20/0016-M1,ECS,CRC136691,
1929,4456,2018,BZ20/0025-M1,Boraman,CRC155131,
1975,22,2018,BZ20/0054-M1,Aqualinc,CRC230614,
1980,177409,2019,BZ20/0055-M1,Boraman,CRC222132,
1989,70570,2022,BZ20/0059-M1,AnnualManual20212022,CRC231358,
1990,518624,2021,BZ20/0077-M1,DataCol,CRC210899,
2039,0,2021,CA17/0004-M1,DataCol,CRC222393,
2061,295471,2018,CA19/0011-M1,Loncel,CRC223223,
2066,952001,2018,CA19/0014-M1,Loncel,CRC230076,
2078,257734,2018,CA19/0016-M1,Loncel,CRC211504,
2096,80331,2018,CA19/0038-M1,Aqualinc,CRC161646,
2104,658,2020,CA19/0045-M1,WaterCheck,CRC205041,
2107,61217,2018,CA19/0056-M1,DataCol,CRC195265,
2129,143,2019,CB17/5020-M1,Boraman,CRC200132,
2145,19709,2018,CB18/5011-M1,SeasonalFlow1617,CRC224707,
2146,33906641,2018,CB18/5011-M1,AnnualManual20172018,CRC224708,
2179,48595,2018,H37/0024-M1,WaterCheck,CRC225051,
2203,1477654,2018,H38/0197-M1,ECS,CRC215268,
2277,369553,2018,H39/0060-M1,Loncel,CRC201973,
2353,68548,2018,H39/0094-M1,Boraman,CRC201984,
2407,29344,2019,H39/0173-M1,AnnualManual20202021,CRC202739,
2468,94082,2018,H40/0020-M1,AnnualBoraman20172018,CRC210012,
2469,315316,2018,H40/0020-M1,AnnualBoraman20172018,CRC210011,
2470,693789,2018,H40/0020-M1,AnnualBoraman20172018,CRC210010,
2575,167126,2021,I38/0064-M1,Boraman,CRC213908,
2668,13868,2022,I39/0037-M1,Harvest,CRC201491,
2670,55389,2022,I39/0038-M1,Harvest,CRC201484,
2737,1873,2018,I40/0461-M1,WaterCheck,CRC214878,
2758,115802,2018,I40/0546-M1,Boraman,CRC220786,
2767,175906,2018,I40/0550-M1,Boraman,CRC203692,
2772,498214,2018,I40/0551-M1,Boraman,CRC213761,
2787,177419,2018,I40/0554-M1,Boraman,CRC201165,
2813,462355,2018,I40/0562-M1,AnnualBoraman20172018,CRC203646,
2922,64,2019,I40/0601-M1,Boraman,CRC203952,
2943,61,2021,I40/0607-M1,DataCol,CRC222391,
2994,561000,2018,I40/0637-M1,DataCol,CRC062366,
2995,561000,2018,I40/0637-M1,DataCol,CRC141651,
3004,570520,2018,I40/0638-M1,DataCol,CRC180333,
3019,2138294,2018,I40/0699-M1,Boraman,CRC176651,
3086,13181,2018,I41/0054-M1,WaterCheck,CRC204341,
3087,13181,2018,I41/0054-M1,WaterCheck,CRC204342,
3109,127683,2018,J37/0030-M1,Boraman,CRC222276,
3173,73589,2018,J37/0250-M1,AnnualManual20182019,CRC214327,
3174,0,2018,J37/0250-M1,Boraman,CRC214329,
3313,77,2021,J38/0114-M1,WaterCheck,CRC224247,
3349,34654,2018,J38/0164-M1,Boraman,CRC202786,
3357,332729,2018,J38/0168-M1,Boraman,CRC195043,
3368,0,2020,J38/0177-M1,Boraman,CRC230585,
3370,4,2021,J38/0178-M1,AnnualManual20202021,CRC221008,
3419,0,2018,J38/0229-M1,Boraman,CRC222568,
3420,0,2018,J38/0229-M1,Boraman,CRC222570,
3429,237,2018,J38/0246-M1,Boraman,CRC230429,
3431,237,2018,J38/0246-M1,Boraman,CRC230427,
3541,99608,2018,J38/0323-M1,Boraman,CRC224119,
3591,96794,2018,J38/0401-M1,Boraman,CRC230740,
3641,159357,2018,J38/0505-M1,Boraman,CRC222572,
3642,159357,2018,J38/0505-M1,Boraman,CRC222574,
3678,0,2018,J38/0592-M1,Boraman,CRC201992,
3687,45216,2018,J38/0610-M1,Boraman,CRC222802,
3730,196816,2018,J38/0706-M1,Boraman,CRC231281,
3800,54831,2018,J38/0765-M1,ECS,CRC202611,
3869,8014,2018,J38/0792-M1,Loncel,CRC181839,
3870,3078,2018,J38/0792-M1,Loncel,CRC203793,
3905,134,2018,J38/0797-M1,Boraman,CRC221768,
3929,120827,2018,J38/0801-M1,Boraman,CRC230595,
4075,195944,2018,J39/0120-M1,DataCol,CRC200692,
4080,72581,2018,J39/0139-M1,ECS,CRC201521,
4116,2285892,2018,J39/0228-M1,ECS,CRC203997,
4243,24877869,2018,J39/0494-M1,AnnualManual20172018,CRC203947,
4320,179,2018,J39/0565-M1,AnnualManual20172018,CRC204807,
4336,70960,2018,J39/0597-M1,Boraman,CRC211663,
4478,8805,2018,J39/0686-M1,Loncel,CRC223058,
4498,157738,2018,J39/0692-M1,ECS,CRC152629,
4522,24169,2018,J39/0702-M1,ECS,CRC201519,
4557,198546,2018,J39/0732-M1,ECS,CRC122042,
4598,91942,2018,J40/0040-M1,AnnualManual20172018,CRC136908,
4604,6930,2018,J40/0049-M1,Loncel,CRC220265,
4677,726,2022,J40/0154-M1,Number8Systems,CRC131068,
4678,17013,2018,J40/0156-M1,AnnualBoraman20172018,CRC222707,
4722,14074,2018,J40/0405-M1,ECS,CRC093178,
4732,0,2018,J40/0639-M1,Loncel,CRC222723,
4781,25775,2018,J40/0815-M1,Loncel,CRC222274,
4825,1737589,2018,J40/0918-M1,Loncel,CRC194929,
4835,6540230,2018,J40/0927-M1,SeasonalFlow1617,CRC203218,
4839,59295,2018,J40/0932-M1,Boraman,CRC222988,
4844,26851,2018,J40/0937-M1,Loncel,CRC230073,
4856,34405,2018,J40/0940-M1,Boraman,CRC222986,
4861,0,2018,J40/0951-M1,AnnualBoraman20172018,CRC220678,
4882,23546,2018,J40/0964-M1,ECS,CRC094151,
4883,61637,2018,J40/0964-M1,ECS,CRC193421,
4939,0,2018,J40/1068-M1,Boraman,CRC213070,
4945,835797,2018,J40/1103-M1,DataCol,CRC200635,
4966,8224,2018,J40/1106-M1,ECS,CRC120332,
4967,15221,2018,J40/1106-M1,ECS,CRC221415,
5060,9792,2018,J41/0204-M1,Boraman,CRC140609,
5075,1478,2021,K35/0030-M1,WaterCheck,CRC110406,
5077,150387,2018,K35/0044-M1,WaterCheck,CRC230484,
5095,98201,2018,K36/0043-M1,Boraman,CRC200260,
5102,64387,2018,K36/0086-M1,Boraman,CRC200227,
5108,122602,2018,K36/0087-M1,AnnualRainer20172018,CRC200211,
5117,234087,2018,K36/0110-M1,Boraman,CRC200208,
5128,454561,2018,K36/0179-M1,AnnualRainer20172018,CRC200272,
5146,392092,2018,K36/0201-M1,WaterMetrics,CRC200214,
5153,106608,2018,K36/0203-M1,WaterMetrics,CRC200193,
5167,159619,2018,K36/0210-M1,WaterMetrics,CRC231283,
5180,0,2018,K36/0217-M1,DataCol,CRC200195,
5210,20869,2018,K36/0320-M1,WaterMetrics,CRC201050,
5218,66310,2018,K36/0322-M1,AnnualRainer20172018,CRC212248,
5275,125555,2018,K36/0549-M1,Boraman,CRC223346,
5287,447243,2018,K36/0557-M1,AnnualRainer20172018,CRC220400,
5293,104028,2018,K36/0574-M1,Loncel,CRC200222,
5457,281280,2018,K36/0673-M1,WaterMetrics,CRC220817,
5458,281280,2018,K36/0673-M1,WaterMetrics,CRC223474,
5571,0,2018,K36/0792-M1,Harvest,CRC157761,
5594,114955,2018,K36/0806-M1,WaterMetrics,CRC230453,
5614,39239,2022,K36/0818-M1,Number8Systems,CRC200201,
5621,391400,2018,K36/0823-M1,WaterMetrics,CRC054610.1,
5636,56290,2018,K36/0824-M1,WaterMetrics,CRC210669,
5690,93138,2018,K36/0859-M1,Boraman,CRC082614,
5715,4188129,2020,K36/0861-M1,WaterCheck,CRC200257,
5718,25176,2018,K36/0867-M1,AnnualBoraman20172018,CRC200269,
5726,133182,2018,K36/0869-M1,WaterMetrics,CRC200220,
5732,4351,2018,K36/0881-M1,AnnualRainer20172018,CRC222780,
5734,22376,2021,K36/0883-M1,AnnualManual20202021,CRC200264,
5738,200,2018,K36/0894-M1,AnnualBoraman20172018,CRC200242,
5746,322638,2018,K36/0895-M1,Boraman,CRC200241,
5756,22816067,2018,K36/0920-M1,Boraman,CRC200187,
5773,0,2018,K36/0921-M1,WaterMetrics,CRC200259,
5802,6435,2018,K36/0955-M1,AnnualRainer20172018,CRC200210,
5816,1004692,2018,K36/0963-M1,AnnualBoraman20172018,CRC200225,
5823,255149,2018,K36/0970-M1,AnnualBoraman20172018,CRC230834,
5852,146355,2018,K36/1005-M1,Boraman,CRC200218,
5858,565613,2018,K36/1006-M1,Boraman,CRC200224,
5902,13223,2018,K37/0015-M1,WaterMetrics,CRC200207,
5937,155314,2018,K37/0024-M1,Aqualinc,CRC052262,
6022,30071,2018,K37/0120-M1,DataCol,CRC230757,
6054,1155,2018,K37/0178-M1,WaterMetrics,CRC200203,
6133,75772,2018,K37/0342-M1,Boraman,CRC200246,
6138,0,2018,K37/0348-M1,Scottech1617,CRC200270,
6142,33066,2018,K37/0354-M1,DataCol,CRC200226,
6152,74940,2018,K37/0385-M1,Boraman,CRC200243,
6165,338949,2018,K37/0419-M1,AnnualManual20172018,CRC215077,
6176,156715,2018,K37/0431-M1,Boraman,CRC200196,
6313,9102,2019,K37/0651-M1,AnnualRainer20182019,CRC223771,
6328,24922,2018,K37/0656-M1,Boraman,CRC222003,
6338,86,2022,K37/0661-M1,DataCol,CRC212598,
6344,100364,2018,K37/0684-M1,Boraman,CRC221134,
6416,46624,2018,K37/0751-M1,AnnualManual20172018,CRC204189,
6444,30127,2018,K37/0790-M1,WaterMetrics,CRC222908,
6445,30127,2018,K37/0790-M1,WaterMetrics,CRC222909,
6466,66,2018,K37/0811-M1,AnnualManual20172018,CRC204954,
6472,27189,2018,K37/0812-M1,Aqualinc,CRC230373,
6545,47691,2018,K37/0898-M1,Aqualinc,CRC224003,
6589,46315,2018,K37/0944-M1,WaterMetrics,CRC220390,
6613,324498,2018,K37/0981-M1,WaterMetrics,CRC222122,
6693,218780,2018,K37/1036-M1,WaterMetrics,CRC222633,
6767,286513,2018,K37/1292-M1,WaterMetrics,CRC202232,
6879,331006,2018,K37/1321-M1,DataCol,CRC200846,
6926,11874,2018,K37/1388-M1,WaterMetrics,CRC200192,
6971,342835,2018,K37/1430-M1,Boraman,CRC224770,
6976,433661,2018,K37/1434-M1,WaterMetrics,CRC203744,
7004,98894,2018,K37/1454-M1,Boraman,CRC203630,
7049,273913,2018,K37/1500-M1,Aqualinc,CRC213429,
7089,148750,2018,K37/1507-M1,WaterMetrics,CRC220392,
7109,251993,2018,K37/1516-M1,Loncel,CRC195241,
7164,3940,2022,K37/1541-M1,Boraman,CRC203615,
7194,164965,2018,K37/1576-M1,AnnualManual20172018,CRC204648,
7218,212239,2018,K37/1600-M1,Aqualinc,CRC210786,
7266,150077,2018,K37/1614-M1,WaterMetrics,CRC201216,
7277,209769,2018,K37/1616-M1,WaterMetrics,CRC231293,
7309,129365,2018,K37/1649-M1,WaterMetrics,CRC230048,
7356,20088,2019,K37/1685-M1,AnnualManual20182019,CRC215290,
7364,75858,2018,K37/1687-M1,DataCol,CRC171764,
7463,264460,2018,K37/1746-M1,WaterMetrics,CRC050473.1,
7479,55462,2018,K37/1747-M1,WaterMetrics,CRC202872,
7488,134821,2018,K37/1752-M1,WaterCheck,CRC202815,
7514,312335,2018,K37/1765-M1,WaterMetrics,CRC202849,
7550,9296,2018,K37/1793-M1,WaterMetrics,CRC134879,
7567,11,2018,K37/1819-M1,Rainer1617,CRC052214.1,
7601,238652,2018,K37/1881-M1,Loncel,CRC204026,
7610,0,2022,K37/1883-M1,Harvest,CRC050406.1,
7664,0,2018,K37/2033-M1,AnnualRainer20172018,CRC200752,
7691,43177,2018,K37/2078-M1,Boraman,CRC202710,
7788,23374,2018,K37/2150-M1,WaterMetrics,CRC201906,
7806,317825,2018,K37/2154-M1,Boraman,CRC230043,
7812,241976,2018,K37/2155-M1,Loncel,CRC220384,
7900,32585,2018,K37/2238-M1,AnnualRainer20172018,CRC202811,
7904,10714,2018,K37/2239-M1,AnnualRainer20172018,CRC202807,
7913,4201,2018,K37/2247-M1,Boraman,CRC202911,
7937,13400,2018,K37/2274-M1,Scottech1617,CRC230421,
7941,0,2018,K37/2275-M1,Scottech1617,CRC222115,
7949,61803,2018,K37/2277-M1,Boraman,CRC222323,
7976,79749,2018,K37/2282-M1,WaterMetrics,CRC051668.1,
8026,87908,2018,K37/2319-M1,DataCol,CRC171765,
8048,201,2018,K37/2324-M1,WaterMetrics,CRC050987,
8054,8064,2019,K37/2328-M1,AnnualManual20182019,CRC223726,
8061,117994,2018,K37/2334-M1,Loncel,CRC200852,
8072,4207,2018,K37/2347-M1,Loncel,CRC203885,
8107,927,2018,K37/2366-M1,Aqualinc,CRC203767,
8140,226868,2018,K37/2391-M1,Boraman,CRC204176,
8195,130809,2018,K37/2434-M1,Aqualinc,CRC122665,
8210,7009,2018,K37/2439-M1,AnnualRainer20172018,CRC202278,
8216,3117980,2020,K37/2443-M1,Loncel,CRC220427,
8234,0,2018,K37/2461-M1,Aqualinc,CRC210506,
8270,19390,2018,K37/2485-M1,Boraman,CRC223431,
8276,148768,2018,K37/2486-M1,Aqualinc,CRC156174,
8305,303185,2018,K37/2535-M1,WaterMetrics,CRC230705,
8320,6866,2018,K37/2557-M1,AnnualRainer20172018,CRC221823,
8321,6866,2018,K37/2557-M1,AnnualRainer20172018,CRC221821,
8341,231006,2018,K37/2572-M1,WaterMetrics,CRC230709,
8375,1,2019,K37/2579-M1,Loncel,CRC223099,
8417,291,2018,K37/2620-M1,WaterMetrics,CRC200262,
8424,26,2018,K37/2626-M1,WaterCheck,CRC223710,
8456,306049,2018,K37/2635-M1,Boraman,CRC200268,
8497,165175,2018,K37/2659-M1,Loncel,CRC223706,
8546,3669,2018,K37/2718-M1,AnnualManual20172018,CRC230759,
8567,3206739,2018,K37/2748-M1,WaterCheck,CRC211258,
8876,72645,2018,K37/2854-M1,WaterCheck,CRC222966,
8903,497688,2018,K37/2875-M1,Boraman,CRC231166,
8944,91653,2018,K37/2916-M1,WaterCheck,CRC213946,
9107,9147,2018,K37/3096-M1,WaterCheck,CRC203239,
9206,155008,2018,K37/3160-M1,BoramanBacklog2018,CRC146420,
9224,43875,2018,K37/3162-M1,Loncel,CRC200349,
9230,192039,2018,K37/3166-M1,DataCol,CRC191210,
9235,614197,2018,K37/3177-M1,Boraman,CRC201025,
9249,53730,2018,K37/3195-M1,WaterCheck,CRC156356,
9260,126076,2018,K37/3198-M1,AnnualRainer20172018,CRC221811,
9295,173407,2018,K37/3212-M1,AnnualRainer20172018,CRC204018,
9375,0,2018,K37/3285-M1,WaterMetrics,CRC202668,
9444,165667,2018,K37/3556-M1,AnnualRainer20172018,CRC121700,
9475,171228,2018,K37/3572-M1,AnnualRainer20172018,CRC221810,
9512,67732,2018,K38/0001-M1,DataCol,CRC230457,
9535,31908,2018,K38/0031-M1,WaterMetrics,CRC222858,
9577,60916,2018,K38/0059-M1,Boraman,CRC211355,
9590,188491,2018,K38/0068-M1,ECS,CRC210510,
9615,29984,2018,K38/0087-M1,ECS,CRC223562,
9621,90092,2018,K38/0088-M1,Boraman,CRC143907,
9680,0,2018,K38/0193-M1,ECS,CRC223553,
9685,78969,2018,K38/0199-M1,Boraman,CRC215118,
9733,54199,2018,K38/0216-M1,ECS,CRC223571,
9753,59784,2018,K38/0230-M1,ECS,CRC071253,
9809,47467,2018,K38/0262-M1,ECS,CRC140242,
9819,1172,2018,K38/0266-M1,Boraman,CRC223356,
9837,42477,2018,K38/0272-M1,Boraman,CRC195408,
9842,74689,2018,K38/0273-M1,Boraman,CRC214127,
9864,0,2018,K38/0280-M1,ECS,CRC202277,
9869,20512,2018,K38/0282-M1,ECS,CRC223538,
9905,133279,2018,K38/0325-M1,Boraman,CRC231121,
9972,31540,2018,K38/0345-M1,Boraman,CRC011721.1,
9973,31540,2018,K38/0345-M1,Boraman,CRC221596,
10064,75721,2018,K38/0386-M1,Boraman,CRC230992,
10094,29320,2018,K38/0392-M1,Boraman,CRC220444,
10141,63017,2018,K38/0414-M1,WaterMetrics,CRC231237,
10164,167651,2018,K38/0420-M1,Boraman,CRC230990,
10204,40227,2018,K38/0452-M1,Boraman,CRC175485,
10214,6263,2018,K38/0457-M1,ECS,CRC200331,
10328,0,2018,K38/0610-M1,Boraman,CRC211856,
10394,104676,2018,K38/0644-M1,Boraman,CRC204195,
10426,113608,2018,K38/0659-M1,Boraman,CRC231239,
10434,0,2018,K38/0663-M1,WaterMetrics,CRC222862,
10440,264413,2018,K38/0670-M1,Boraman,CRC195291,
10441,264413,2018,K38/0670-M1,Boraman,CRC195293,
10450,7,2018,K38/0673-M1,Aqualinc,CRC230630,
10455,12905,2018,K38/0674-M1,Boraman,CRC093142,
10456,12905,2018,K38/0674-M1,Boraman,CRC202259,
10492,132443,2018,K38/0691-M1,Boraman,CRC223433,
10522,70901,2018,K38/0701-M1,Boraman,CRC211198,
10534,8,2018,K38/0713-M1,WaterMetrics,CRC231205,
10639,0,2018,K38/0759-M1,Boraman,CRC223395,
10752,116430,2018,K38/0849-M1,Boraman,CRC195419,
10793,21906,2018,K38/0947-M1,WaterMetrics,CRC230320,
10814,65493,2018,K38/0993-M1,Boraman,CRC195044,
10818,460504,2018,K38/0995-M1,ECS,CRC224522,
10901,174447,2018,K38/1094-M1,Boraman,CRC220234,
10989,103776,2018,K38/1264-M1,Boraman,CRC220236,
11032,429727,2018,K38/1295-M1,ECS,CRC230909,
11082,0,2018,K38/1319-M1,Scottech1617,CRC211351,
11147,32,2018,K38/1350-M1,WaterMetrics,CRC230248,
11153,66585,2018,K38/1354-M1,Boraman,CRC231232,
11262,108360,2018,K38/1437-M1,ECS,CRC121816,
11267,88956,2018,K38/1444-M1,Boraman,CRC211532,
11290,0,2021,K38/1508-M1,DataCol,CRC231367,
11413,136645,2018,K38/1690-M1,WaterMetrics,CRC231225,
11489,205810,2018,K38/1753-M1,Boraman,CRC220333,
11547,140566,2018,K38/1807-M1,Loncel,CRC230515,
11574,18036,2018,K38/1819-M1,Boraman,CRC213037,
11581,2641,2018,K38/1837-M1,Boraman,CRC224880,
11602,5809,2018,K38/1845-M1,AnnualManual20182019,CRC222852,
11636,206184,2018,K38/1868-M1,Aqualinc,CRC230853,
11710,349211,2018,K38/1917-M1,WaterMetrics,CRC214396,
11716,0,2018,K38/1918-M1,WaterMetrics,CRC214398,
11722,31,2018,K38/1919-M1,WaterMetrics,CRC214388,
11739,30852,2018,K38/1929-M1,WaterMetrics,CRC214390,
11745,42724,2018,K38/1931-M1,WaterMetrics,CRC214392,
11763,38319,2018,K38/1947-M1,AnnualBoraman20172018,CRC220347,
11828,16084,2018,K38/1970-M1,Boraman,CRC221066,
11857,35610,2018,K38/1984-M1,Boraman,CRC220331,
11911,31045,2018,K38/2013-M1,Aqualinc,CRC230858,
11968,227136,2018,K38/2044-M1,ECS,CRC230327,
11973,152261,2018,K38/2045-M1,ECS,CRC230315,
11983,12584,2018,K38/2050-M1,Boraman,CRC215228,
12006,195664,2018,K38/2061-M1,Boraman,CRC204194,
12060,128329,2018,K38/2083-M1,DataCol,CRC230438,
12069,89785,2018,K38/2097-M1,WaterMetrics,CRC230323,
12097,9891148,2018,K38/2163-M1,AnnualManual20172018,CRC231365,
12110,136829,2018,K38/2182-M1,Boraman,CRC185137,
12111,136829,2018,K38/2182-M1,Boraman,CRC071493,
12112,136829,2018,K38/2182-M1,Boraman,CRC185038,
12174,30268,2018,K38/2241-M1,Aqualinc,CRC230866,
12208,141348,2018,K38/2276-M1,AnnualRainer20172018,CRC231260,
12257,23435,2018,K38/2326-M1,AnnualManual20172018,CRC221741,
12278,172020,2018,K38/2344-M1,Aqualinc,CRC230370,
12408,169886,2018,K38/2425-M1,Boraman,CRC220446,
12491,96765,2018,L35/0185-M1,DataCol,CRC230337,
12521,106396,2018,L35/0192-M1,DataCol,CRC212971,
12541,274551,2018,L35/0212-M1,WaterMetrics,CRC220075,
12588,99938,2018,L35/0258-M1,DataCol,CRC214049,
12648,454,2018,L35/0547-M1,DataCol,CRC224089,
12729,818816,2018,L35/0580-M1,WaterCheck,CRC184109,
12757,13619,2018,L35/0619-M1,Aqualinc,CRC220533,
12797,2048,2018,L35/0679-M1,WaterCheck,CRC220279,
12823,42214,2018,L35/0699-M1,DataCol,CRC202479,
12884,269181,2019,L35/0740-M1,AnnualManual20182019,CRC223337,
12943,714984,2018,L35/0778-M1,Boraman,CRC222554,
13026,971,2018,L35/0823-M1,DataCol,CRC212932,
13036,353978,2018,L35/0830-M1,AnnualRainer20172018,CRC141670,
13047,454263,2018,L35/0832-M1,WaterCheck,CRC204039,
13076,16696,2018,L35/0852-M1,WaterCheck,CRC221628,
13081,208707,2018,L35/0855-M1,WaterCheck,CRC231313,
13109,0,2018,L35/0876-M1,AnnualManual20172018,CRC201305,
13110,0,2018,L35/0876-M1,AnnualManual20172018,CRC201296,
13206,323989,2018,L35/0950-M1,WaterCheck,CRC204046,
13220,236772,2018,L35/0958-M1,WaterCheck,CRC121134,
13225,53764,2018,L35/0979-M1,WaterCheck,CRC062793,
13534,80738,2018,L36/0149-M1,Loncel,CRC202064,
13583,272408,2018,L36/0181-M1,Aqualinc,CRC203068,
13616,17678,2018,L36/0197-M1,WaterMetrics,CRC230217,
13678,49761,2018,L36/0268-M1,WaterMetrics,CRC195487,
13685,385636,2018,L36/0270-M1,Boraman,CRC231272,
13701,59815,2018,L36/0277-M1,WaterMetrics,CRC224538,
13715,253491,2018,L36/0302-M1,WaterCheck,CRC230957,
13739,345443,2018,L36/0318-M1,Aqualinc,CRC204234,
13751,14967,2018,L36/0320-M1,WaterMetrics,CRC200110,
13773,476640,2018,L36/0329-M1,AnnualManual20172018,CRC221286,
13785,72,2018,L36/0332-M1,Boraman,CRC224556,
13832,428440,2018,L36/0372-M1,WaterMetrics,CRC201131,
13980,564575,2018,L36/0509-M1,Aqualinc,CRC222183,
14005,66240,2018,L36/0515-M1,WaterCheck,CRC231083,
14052,106148,2018,L36/0602-M1,AnnualRainer20172018,CRC214271,
14074,27764,2021,L36/0665-M1,Number8Systems,CRC223598,
14125,992,2019,L36/0749-M1,AnnualManual20192020,CRC210664,
14221,52677,2022,L36/0887-M1,Loncel,CRC230889,
14227,217853,2018,L36/0895-M1,WaterCheck,CRC215171,
14228,217853,2018,L36/0895-M1,WaterCheck,CRC215173,
14237,425426,2018,L36/0896-M1,AnnualManual20172018,CRC200759,
14317,465084,2018,L36/0913-M1,Loncel,CRC223239,
14453,790458,2018,L36/1023-M1,AnnualManual20172018,CRC231049,
14500,344000,2018,L36/1045-M1,Loncel,CRC140720,
14524,70862,2018,L36/1054-M1,WaterMetrics,CRC230644,
14536,1,2018,L36/1057-M1,DataCol,CRC203846,
14554,32173,2018,L36/1069-M1,WaterMetrics,CRC201133,
14576,45728,2018,L36/1076-M1,WaterCheck,CRC230961,
14633,317608,2018,L36/1101-M1,WaterMetrics,CRC231341,
14808,314386,2018,L36/1186-M1,Aqualinc,CRC222794,
14837,30497,2018,L36/1201-M1,WaterMetrics,CRC214825,
14868,12201,2018,L36/1228-M1,Boraman,CRC230242,
14873,9258,2018,L36/1229-M1,WaterMetrics,CRC200486,
14879,7931,2018,L36/1230-M1,WaterMetrics,CRC223677,
14914,352231,2018,L36/1249-M1,WaterMetrics,CRC205010,
14920,257110,2018,L36/1253-M1,Boraman,CRC223734,
14975,0,2018,L36/1298-M1,WaterMetrics,CRC213495,
14999,404306,2018,L36/1334-M1,WaterCheck,CRC220941,
15106,364574,2018,L36/1397-M1,Boraman,CRC204701,
15153,11570,2018,L36/1411-M1,AnnualRainer20172018,CRC155355,
15260,932,2018,L36/1446-M1,WaterCheck,CRC201971,
15273,98040,2018,L36/1449-M1,WaterMetrics,CRC230778,
15357,0,2019,L36/1462-M1,AnnualManual20182019,CRC230597,
15453,19,2018,L36/1500-M1,AnnualManual20172018,CRC215299,
15540,21867,2018,L36/1522-M1,Boraman,CRC221263,
15556,363038,2018,L36/1531-M1,Boraman,CRC194890,
15569,1227189,2018,L36/1533-M1,Boraman,CRC212229,
15676,3973,2018,L36/1579-M1,WaterCheck,CRC120344.1,
15677,3973,2018,L36/1579-M1,WaterCheck,CRC215045,
15753,54082,2018,L36/1600-M1,WatermetricsBacklog2018,CRC040112.1,
15810,63993,2018,L36/1618-M1,Boraman,CRC210854,
15861,339086,2018,L36/1632-M1,Loncel,CRC210865,
15903,0,2018,L36/1654-M1,WaterMetrics,CRC204444,
15935,223862,2018,L36/1674-M1,WaterMetrics,CRC222310,
15941,215892,2018,L36/1677-M1,AnnualRainer20172018,CRC210465,
16020,5168,2018,L36/1716-M1,WaterCheck,CRC201856,
16033,431708,2018,L36/1726-M1,Boraman,CRC054301.3,
16034,477293,2018,L36/1726-M1,AnnualBoraman20172018,CRC201789,
16097,189460,2018,L36/1737-M1,AnnualManual20172018,CRC231055,
16168,17,2020,L36/1759-M1,DataCol,CRC202110,
16181,5,2018,L36/1765-M1,AnnualManual20182019,CRC213925,
16190,77238,2018,L36/1771-M1,DataCol,CRC195264,
16224,263725,2018,L36/1777-M1,WaterMetrics,CRC210870,
16246,90,2018,L36/1786-M1,Scottech1617,CRC221879,
16272,256601,2018,L36/1790-M1,WaterMetrics,CRC222305,
16311,11992,2018,L36/1803-M1,DataCol,CRC202755,
16357,131798,2018,L36/1820-M1,Loncel,CRC231164,
16403,284336,2018,L36/1834-M1,WaterCheck,CRC195129,
16413,648633,2018,L36/1837-M1,Boraman,CRC220302,
16459,44852,2018,L36/1862-M1,WaterCheck,CRC200989,
16489,328426,2018,L36/1887-M1,Aqualinc,CRC222185,
16496,195780,2018,L36/1888-M1,WaterMetrics,CRC221044,
16526,177442,2018,L36/1900-M1,DataCol,CRC221877,
16539,216756,2018,L36/1919-M1,WaterCheck,CRC195261,
16545,456300,2018,L36/1929-M1,BoramanBacklog2018,CRC212240,
16563,515677,2018,L36/1932-M1,WaterCheck,CRC141092,
16599,399854,2018,L36/1981-M1,Boraman,CRC194144,
16623,101489,2018,L36/1986-M1,AnnualManual20172018,CRC202027,
16639,65731,2018,L36/1993-M1,Boraman,CRC201098,
16730,201201,2018,L36/2040-M1,WaterCheck,CRC222355,
16740,397579,2018,L36/2044-M1,Aqualinc,CRC203225,
16778,216218,2018,L36/2062-M1,Loncel,CRC220900,
16824,109640,2018,L36/2073-M1,WaterMetrics,CRC214837,
16825,109640,2018,L36/2073-M1,WaterMetrics,CRC214839,
16875,5971,2018,L36/2090-M1,SeasonalFlow1617,CRC230031,
16885,38983903,2018,L36/2093-M1,DataCol,CRC215297,
16915,15299,2018,L36/2099-M1,AnnualManual20172018,CRC195013,
16955,1039034,2021,L36/2113-M1,Boraman,CRC215277,
16958,1039034,2021,L36/2113-M1,Boraman,CRC215283,
17041,173838,2018,L36/2187-M1,Loncel,CRC223027,
17150,193741,2018,L36/2238-M1,Boraman,CRC051400.2,
17453,346907,2018,L36/2287-M1,Boraman,CRC222556,
17487,0,2018,L36/2303-M1,DataCol,CRC220514,
17505,34,2018,L36/2318-M1,AnnualRainer20172018,CRC091638,
17546,7216,2018,L36/2349-M1,DataCol,CRC221833,
17580,1275325,2018,L36/2363-M1,AnnualManual20172018,CRC222477,
17628,110669,2018,L36/2410-M1,Loncel,CRC214104,
17634,99672,2018,L36/2411-M1,WaterCheck,CRC230967,
17668,338612,2018,L36/2457-M1,WaterMetrics,CRC201945,
17674,391743,2018,L36/2459-M1,WaterMetrics,CRC230840,
17708,246507,2018,L37/0005-M1,Aqualinc,CRC201873,
17756,126898,2018,L37/0017-M1,WaterMetrics,CRC212873,
17872,459641,2018,L37/0052-M1,Aqualinc,CRC230849,
18002,1915,2018,L37/0081-M1,Aqualinc,CRC222170,
18030,309601,2018,L37/0089-M1,WaterMetrics,CRC231144,
18129,154325,2018,L37/0121-M1,AnnualRainer20172018,CRC222172,
18220,163,2018,L37/0148-M1,AnnualRainer20172018,CRC230652,
18231,69517,2018,L37/0159-M1,WaterCheck,CRC204826,
18312,90896,2018,L37/0179-M1,Aqualinc,CRC152535,
18347,201292,2018,L37/0197-M1,DataCol,CRC145944,
18386,81175,2018,L37/0207-M1,AnnualRainer20172018,CRC204401,
18400,18,2019,L37/0214-M1,DataCol,CRC214782,
18423,108358,2018,L37/0230-M1,DataCol,CRC230693,
18642,525445,2018,L37/0435-M1,WaterCheck,CRC222334,
18699,68335,2018,L37/0474-M1,DataCol,CRC223065,
18744,80479,2018,L37/0494-M1,WaterMetrics,CRC157234,
18821,119659,2018,L37/0565-M1,WaterMetrics,CRC200249,
18853,36463,2018,L37/0575-M1,WaterCheck,CRC212206,
18864,0,2018,L37/0585-M1,Loncel,CRC200690,
19144,325586,2022,L37/0717,AnnualManual20202021,CRC204131,
19268,3,2018,L37/0754-M1,Loncel,CRC163673,
19327,863,2018,L37/0796-M1,DataCol,CRC231209,
19332,138898,2018,L37/0798-M1,DataCol,CRC230686,
19359,76124,2018,L37/0805-M1,DataCol,CRC204412,
19469,121243,2018,L37/0853-M1,WaterMetrics,CRC231220,
19471,213584,2018,L37/0853-M1,SeasonalVolume1617fixed,CRC231207,
19509,1515,2018,L37/0874-M1,DataCol,CRC214344,
19660,188179,2018,L37/1011-M1,WaterMetrics,CRC230383,
19666,14082,2018,L37/1016-M1,SeasonalFlow1617,CRC230862,
19734,251113,2018,L37/1034-M1,DataCol,CRC210292,
19735,251113,2018,L37/1034-M1,DataCol,CRC164819,
19796,138990,2018,L37/1058-M1,WaterMetrics,CRC201556,
19904,81736,2018,L37/1163-M1,Loncel,CRC214831,
19943,131081,2018,L37/1172-M1,Loncel,CRC204600,
19992,0,2018,L37/1197-M1,Aqualinc,CRC214807,
20021,187531,2018,L37/1214-M1,Loncel,CRC051603,
20145,1954,2018,L37/1264-M1,WaterCheck,CRC200962,
20199,193673,2018,L37/1288-M1,WaterMetrics,CRC230178,
20215,191834,2018,L37/1361-M1,WaterCheck,CRC223151,
20321,179472,2018,L37/1401-M1,DataCol,CRC166685,
20322,179472,2018,L37/1401-M1,DataCol,CRC193664,
20341,180271,2021,L37/1406-M1,AnnualManual20202021,CRC052731,
20342,126647,2018,L37/1407-M1,DataCol,CRC203093,
20410,252265,2018,L37/1430-M1,AnnualRainer20172018,CRC203461,
20427,1397,2021,L37/1438-M1,AnnualManual20202021,CRC221190,
20468,117937,2018,L37/1480-M1,WaterMetrics,CRC158137,
20476,474228,2018,L37/1486-M1,AnnualManual20172018,CRC214803,
20566,184695,2018,L37/1559-M1,WaterCheck,CRC211302,
20571,59675,2018,L37/1560-M1,AnnualManual20192020,CRC221793,
20581,0,2018,L37/1568-M1,WaterMetrics,CRC212461,
20605,106388,2018,L37/1617-M1,AnnualManual20172018,CRC073728,
20612,344760,2018,L37/1631-M1,DataCol,CRC073805,
20727,4,2018,L37/1757-M1,AnnualManual20172018,CRC200198,
20760,95158,2018,L37/1771-M1,WaterMetrics,CRC051943.1,
20783,143036,2018,M32/0010-M1,WaterMetrics,CRC221804,
20825,10,2022,M33/0240-M1,DataCol,CRC223464,
20872,129247,2018,M33/0267-M1,WaterCheck,CRC144158,
20873,129247,2018,M33/0267-M1,WaterCheck,CRC205050,
20940,26947,2019,M33/0318-M1,Boraman,CRC103481.1,
20952,304916985,2019,M33/0322-M1,AnnualManual20182019,CRC181044,
20987,144337,2018,M33/0339-M1,WaterCheck,CRC210885,
20989,144337,2018,M33/0339-M1,WaterCheck,CRC224408,
21039,197622,2019,M33/0379-M1,AnnualManual20182019,CRC201086,
21059,31536,2018,M33/0385-M1,WaterMetrics,CRC202603,
21075,7868,2018,M33/0412-M1,WaterCheck,CRC223498,
21116,208474,2018,M34/0657-M1,DataCol,CRC211878,
21145,48435,2019,M34/0726-M1,AnnualManual20182019,CRC204029,
21179,100160,2018,M34/5573-M1,WaterCheck,CRC200328,
21184,64273,2018,M34/5574-M1,DataCol,CRC222454,
21189,4,2018,M34/5575-M1,DataCol,CRC213671,
21235,0,2018,M34/5624-M1,Scottech1617,CRC202957,
21237,0,2018,M34/5624-M1,Scottech1617,CRC223250,
21273,3343,2018,M34/5652-M1,DataCol,CRC220518,
21274,3343,2018,M34/5652-M1,DataCol,CRC220593,
21283,1449,2019,M34/5663-M1,AnnualManual20182019,CRC222026,
21288,141199,2018,M34/5664-M1,WaterCheck,CRC222028,
21298,0,2018,M34/5680-M1,AnnualManual20172018,CRC223690,
21315,48408,2018,M34/5701-M1,WaterCheck,CRC204742,
21375,0,2018,M34/5746-M1,SeasonalVolume1617fixed,CRC200570,
21376,0,2018,M34/5746-M1,SeasonalVolume1617fixed,CRC222068,
21380,896,2018,M34/5748-M1,WaterCheck,CRC222189,
21402,113474,2022,M34/5804-M1,WaterCheck,CRC222024,
21424,22777,2018,M35/0045-M1,WaterMetrics,CRC201129,
21445,31458,2018,M35/0059-M1,WaterMetrics,CRC143805,
21492,51208,2018,M35/0139-M1,WaterCheck,CRC212179,
21636,0,2019,M35/0545-M1,DataCol,CRC230838,
21744,58876,2018,M35/0947-M1,DataCol,CRC203210,
21747,70387,2018,M35/0953-M1,WaterCheck,CRC223041,
21752,212,2022,M35/0984-M1,DataCol,CRC222338,
21755,250672,2018,M35/10149-M1,WaterCheck,CRC223686,
21775,157282,2018,M35/10222-M1,WaterCheck,CRC214136,
21815,122913,2018,M35/10725-M1,WaterMetrics,CRC230482,
21830,0,2018,M35/10985-M1,WaterMetrics,CRC212993,
21892,173722,2018,M35/11027-M1,Boraman,CRC195147,
22009,0,2018,M35/11174-M1,WaterMetrics,CRC203207,
22031,7774,2018,M35/11176-M1,WaterCheck,CRC211562,
22073,319,2022,M35/11225-M1,WaterCheck,CRC223369,
22100,100711,2018,M35/11231-M1,Boraman,CRC195134,
22178,116261,2018,M35/11240-M1,WaterCheck,CRC211272,
22295,29,2021,M35/1148-M1,WaterCheck,CRC224008,
22303,148,2018,M35/1152-M1,DataCol,CRC223072,
22310,0,2021,M35/11622-M1,DataCol,CRC221214,
22318,29552,2018,M35/1166-M1,WaterCheck,CRC213017,
22341,0,2018,M35/1182-M1,WaterCheck,CRC221595,
22384,5996,2018,M35/11955-M1,WaterCheck,CRC180069,
22407,106132,2018,M35/12018-M1,WaterMetrics,CRC222659,
22433,0,2018,M35/1334-M1,DataCol,CRC220062,
22469,5280097,2018,M35/1669-M1,AnnualManual20172018,CRC201621,
22548,50,2018,M35/17881-M1,Scottech1617,CRC092661,
22588,16295,2018,M35/1816-M1,WaterCheck,CRC222175,
22593,3174,2018,M35/1817-M1,WaterCheck,CRC144785,
22619,65992,2018,M35/18575-M1,WaterCheck,CRC230903,
22639,14002,2018,M35/18743-M1,WaterMetrics,CRC210392,
22696,34269,2018,M35/2601-M1,WaterCheck,CRC202560,
22733,0,2018,M35/2635-M1,WaterCheck,CRC202492,
22738,234814,2018,M35/2636-M1,DataCol,CRC214199,
22771,6951,2018,M35/2721-M1,AnnualManual20172018,CRC201711,
22781,0,2018,M35/2748-M1,WaterCheck,CRC212029,
22794,2953,2018,M35/2759-M1,WaterCheck,CRC203642,
22804,1636,2018,M35/2773-M1,DataCol,CRC201196,
22812,1693,2018,M35/2941-M1,WaterMetrics,CRC183243,
22837,2552,2020,M35/2996-M1,WaterCheck,CRC211994,
22840,130,2021,M35/2997-M1,AnnualManual20192020,CRC231067,
22862,19758,2021,M35/3033-M1,WaterCheck,CRC223023,
22898,242,2022,M35/3090-M1,WaterCheck,CRC214792,
22922,36123,2018,M35/3257-M1,WaterMetrics,CRC222083,
22957,11337,2018,M35/3327-M1,DataCol,CRC213076,
22999,32913,2018,M35/3422-M1,WaterCheck,CRC201854,
23013,9458,2018,M35/3481-M1,WaterCheck,CRC194920,
23018,93151,2018,M35/3485-M1,DataCol,CRC223056,
23081,48861,2018,M35/4198-M1,WaterCheck,CRC215208,
23124,412,2019,M35/4467-M1,AnnualManual20182019,CRC200950,
23133,14684,2020,M35/4495-M1,AnnualManual20182019,CRC220118,
23177,453,2021,M35/4806-M1,DataCol,CRC202084,
23184,111856,2018,M35/4858-M1,WaterMetrics,CRC204715,
23205,1513,2018,M35/5091-M1,WaterMetrics,CRC212181,
23332,872,2018,M35/6060-M1,WaterCheck,CRC211076,
23346,102020,2018,M35/6077-M1,Boraman,CRC195138,
23370,4734,2022,M35/6196-M1,Harvest,CRC221081,
23467,0,2021,M35/6522-M1,DataCol,CRC212046,
23479,8907,2018,M35/6631-M1,WaterMetrics,CRC200107,
23503,28140,2018,M35/6733-M1,AnnualManual20172018,CRC203066,
23554,0,2018,M35/6758-M1,AnnualManual20172018,CRC220852,
23593,291,2022,M35/6816-M1,DataCol,CRC230363,
23594,3288,2019,M35/6853-M1,WaterCheck,CRC142181,
23612,0,2020,M35/6923-M1,DataCol,CRC222955,
23615,0,2021,M35/6942-M1,AnnualManual20212022,CRC213668,
23642,5157,2018,M35/7016-M1,WaterCheck,CRC223243,
23657,1269,2018,M35/7114-M1,WaterMetrics,CRC215070,
23695,2476,2018,M35/7237-M1,WaterCheck,CRC223767,
23700,25818,2018,M35/7239-M1,WaterCheck,CRC222811,
23738,2823,2018,M35/7372-M1,WaterMetrics,CRC222407,
23801,8230,2018,M35/7628-M1,DataCol,CRC204557,
23811,8369,2018,M35/7642-M1,DataCol,CRC203377,
23822,558368,2018,M35/7680-M1,WaterCheck,CRC211450,
23823,558368,2018,M35/7680-M1,WaterCheck,CRC211451,
24068,7253,2018,M35/8742-M1,AnnualManual20172018,CRC143338,
24086,16097,2019,M35/8893-M1,WaterCheck,CRC221223,
24090,11580,2018,M35/8905-M1,WaterMetrics,CRC211761,
24159,2583,2018,M35/9046-M1,WaterCheck,CRC222518,
24278,276489,2018,M35/9628-M1,AnnualManual20172018,CRC204161,
24324,50810,2018,M35/9803-M1,WaterCheck,CRC201929,
24332,120872,2018,M35/9804-M1,WatermetricsBacklog2018,CRC121390,
24344,6,2019,M35/9902-M1,DataCol,CRC215007,
24348,140,2018,M35/9913-M1,AnnualManual20212022,CRC223802,
24349,140,2018,M35/9913-M1,AnnualManual20212022,CRC223806,
24397,115704,2018,M36/0040-M1,Aqualinc,CRC203168,
24402,71616,2018,M36/0042-M1,WaterCheck,CRC213807,
24438,268,2018,M36/0082-M1,WaterCheck,CRC201463,
24480,10662,2018,M36/0227-M1,DataCol,CRC210481,
24491,562,2022,M36/0315-M1,WaterCheck,CRC213954,
24518,236894,2018,M36/0357-M1,WaterCheck,CRC214468,
24523,0,2018,M36/0361-M1,WaterMetrics,CRC204663,
24570,162005,2018,M36/0431-M1,DataCol,CRC204089,
24580,11822,2018,M36/0436-M1,DataCol,CRC223903,
24582,11822,2018,M36/0436-M1,DataCol,CRC180654,
24642,6544,2018,M36/0516-M1,WaterMetrics,CRC223971,
24676,0,2018,M36/0588-M1,WaterCheck,CRC214795,
24706,11953,2018,M36/0603-M1,Boraman,CRC214532,
24760,0,2018,M36/0652-M1,WatermetricsBacklog2018,CRC202637,
24845,42060,2018,M36/10582-M1,Aqualinc,CRC200812,
24882,98095,2019,M36/1264-M1,DataCol,CRC202472,
24940,38841,2018,M36/1344-M1,WaterCheck,CRC213680,
24979,108771,2018,M36/1447-M1,Boraman,CRC230678,
25001,95115,2018,M36/1530-M1,Boraman,CRC230688,
25086,51184,2018,M36/1873-M1,WaterMetrics,CRC200711,
25092,58422,2018,M36/1885-M1,DataCol,CRC222048,
25105,45111,2018,M36/1902-M1,DataCol,CRC212019,
25231,29329,2018,M36/1979-M1,Boraman,CRC222696,
25236,0,2018,M36/1985-M1,AnnualManual20182019,CRC210891,
25254,83609,2018,M36/2002-M1,WaterCheck,CRC214580,
25260,0,2018,M36/2009-M1,WaterCheck,CRC230388,
25263,217975,2018,M36/20101-M1,Aqualinc,CRC200906,
25273,115893,2018,M36/20109-M1,WaterMetrics,CRC200973,
25300,137794,2018,M36/20123-M1,WaterCheck,CRC211812,
25316,97510,2018,M36/20128-M1,AnnualManual20172018,CRC202101,
25333,32307,2018,M36/20141-M1,WaterCheck,CRC200387,
25339,13649,2018,M36/20143-M1,AnnualManual20172018,CRC050061,
25343,3892,2018,M36/2015-M1,DataCol,CRC220114,
25344,3892,2018,M36/2015-M1,DataCol,CRC220115,
25365,0,2018,M36/2018-M1,WaterCheck,CRC214472,
25384,21782,2018,M36/20234-M1,WaterMetrics,CRC231258,
25401,299,2018,M36/20246-M1,WaterCheck,CRC221610,
25408,200,2022,M36/2024-M1,WaterCheck,CRC212997,
25440,34687,2018,M36/20285-M1,WaterMetrics,CRC220386,
25477,201769,2018,M36/20314-M1,WaterMetrics,CRC222809,
25520,20799,2018,M36/20439-M1,Aqualinc,CRC143030,
25553,93174,2018,M36/20473-M1,WaterMetrics,CRC220256,
25554,93174,2018,M36/20473-M1,WaterMetrics,CRC220253,
25572,292097,2021,M36/20480-M1,Loncel,CRC223295,
25594,0,2020,M36/20539-M1,DataCol,CRC223153,
25605,550830,2018,M36/20551-M1,WaterCheck,CRC203036,
25607,550830,2018,M36/20551-M1,WaterCheck,CRC184915,
25627,12810,2018,M36/20625-M1,SeasonalVolume1617fixed,CRC204705,
25816,1575,2022,M36/2753-M1,ScadaFarm,CRC211104,
25857,0,2018,M36/2972-M1,Boraman,CRC224594,
25940,42786,2018,M36/3078-M1,WaterCheck,CRC223301,
25948,17680,2022,M36/3105-M1,Loncel,CRC215167,
25977,208,2021,M36/3258-M1,WaterCheck,CRC214160,
25986,10848,2018,M36/3303-M1,WaterMetrics,CRC211249,
26074,0,2018,M36/3877-M1,Boraman,CRC214892,
26146,41,2018,M36/4108-M1,Boraman,CRC201418,
26178,1619,2018,M36/4146-M1,DataCol,CRC202936,
26282,0,2022,M36/4436-M1,DataCol,CRC214917,
26295,48076,2018,M36/4471-M1,WaterCheck,CRC211384,
26301,0,2018,M36/4482-M1,WaterCheck,CRC230792,
26308,7002,2021,M36/4509-M1,WaterCheck,CRC213111,
26379,183590,2018,M36/4702-M1,SeasonalVolume1617fixed,CRC222012,
26492,42,2021,M36/4918-M1,WaterCheck,CRC214798,
26494,4,2019,M36/4922-M1,AnnualManual20182019,CRC201446,
26564,59550,2018,M36/4989-M1,DataCol,CRC222220,
26576,227819,2018,M36/4993-M1,WaterCheck,CRC200810,
26622,175088,2018,M36/5019-M1,WaterMetrics,CRC202743,
26648,163354,2022,M36/5067-M1,Loncel,CRC203610,
26655,11195,2018,M36/5113-M1,DataCol,CRC203970,
26686,0,2018,M36/5125-M1,AnnualManual20182019,CRC212782,
26750,10087,2018,M36/5193-M1,WaterMetrics,CRC215241,
26778,48051,2018,M36/5243-M1,DataCol,CRC211138,
26826,34554,2018,M36/5304-M1,Boraman,CRC201469,
26860,97960,2018,M36/5351-M1,WaterCheck,CRC202034,
26879,79210,2018,M36/5382-M1,WaterMetrics,CRC144207,
26897,157244,2018,M36/5643-M1,WaterCheck,CRC224906,
26986,39133,2018,M36/5845-M1,Boraman,CRC230660,
27004,8101,2018,M36/5856-M1,Loncel,CRC231242,
27019,8704,2018,M36/5876-M1,WaterMetrics,CRC215240,
27025,192,2020,M36/5881-M1,AnnualManual20202021,CRC230673,
27053,1122,2018,M36/6022-M1,WaterCheck,CRC214346,
27139,8347,2018,M36/6889-M1,Boraman,CRC195007,
27145,164582,2018,M36/6893-M1,WaterMetrics,CRC202932,
27176,192408,2018,M36/6921-M1,Boraman,CRC230658,
27186,29052,2018,M36/6945-M1,WaterCheck,CRC222534,
27228,3820,2018,M36/6996-M1,Boraman,CRC050809,
27287,387,2018,M36/7083-M1,WaterMetrics,CRC211513,
27300,13153,2018,M36/7095-M1,Boraman,CRC210819,
27392,69514,2018,M36/7267-M1,Aqualinc,CRC210739,
27413,30230,2018,M36/7296-M1,WaterMetrics,CRC211094,
27428,20,2018,M36/7316-M1,WaterCheck,CRC212914,
27430,0,2018,M36/7337-M1,Boraman,CRC200279,
27463,320710,2018,M36/7360-M1,AnnualRainer20172018,CRC143577,
27497,105683,2018,M36/7380-M1,WaterMetrics,CRC222646,
27498,105683,2018,M36/7380-M1,WaterMetrics,CRC222645,
27515,33072,2018,M36/7395-M1,BoramanBacklog2018,CRC223559,
27538,75858,2018,M36/7426-M1,WaterMetrics,CRC200790,
27555,281123,2018,M36/7450-M1,Harvest,CRC212104,
27560,281314,2018,M36/7466-M1,WaterMetrics,CRC201026,
27619,358094,2018,M36/7693-M1,WaterMetrics,CRC194957,
27632,272899,2018,M36/7710-M1,WaterMetrics,CRC222536,
27633,272899,2018,M36/7710-M1,WaterMetrics,CRC220897,
27688,433,2018,M36/7714-M1,AnnualManual20172018,CRC202496,
27768,150699,2018,M36/7831-M1,WaterMetrics,CRC201731,
27774,292893,2018,M36/7851-M1,Aqualinc,CRC201332,
27792,37882,2018,M36/7916-M1,Boraman,CRC201852,
27797,16241,2018,M36/7924-M1,DataCol,CRC201531,
27802,51945,2018,M36/7925-M1,SeasonalVolume1617fixed,CRC220996,
27828,1342,2018,M36/8017-M1,WaterMetrics,CRC202931,
27861,28025,2018,M36/8030-M1,WaterCheck,CRC221305,
27883,281,2018,M36/8063-M1,WaterCheck,CRC203010,
27916,799,2022,M36/8087-M1,WaterCheck,CRC222504,
27945,322482,2018,M36/8110-M1,Harvest,CRC204706,
27959,0,2018,M36/8125-M1,Scottech1617,CRC200913,
27960,0,2018,M36/8125-M1,Scottech1617,CRC062825.2,
27961,1,2021,M36/8130-M1,WaterCheck,CRC203009,
27972,1,2022,M36/8159-M1,WaterCheck,CRC213888,
27990,268505,2018,M36/8171-M1,AnnualManual20172018,CRC195102,
28002,417,2018,M36/8183-M1,WatermetricsBacklog2018,CRC204881,
28116,0,2019,M37/0038-M1,DataCol,CRC222217,
28124,55681,2018,M37/0044-M1,WaterMetrics,CRC204001,
28165,44447,2018,M37/0102-M1,WaterMetrics,CRC201923,
28166,44447,2018,M37/0102-M1,WaterMetrics,CRC201922,
28347,12540,2019,M37/0313-M1,WaterCheck,CRC212293,
28406,0,2019,M37/0464-M1,DataCol,CRC225108,
28446,145228,2018,M37/0496-M1,DataCol,CRC214634,
28529,95121,2018,N32/0234-M1,WaterCheck,CRC201578,
28560,406772,2018,N32/0267-M1,WaterCheck,CRC172020,
28570,215855,2018,N32/0276-M1,WaterMetrics,CRC230550,
28631,85141,2019,N32/0309-M1,DataCol,CRC202597,
28642,752238,2018,N32/0311-M1,WaterMetrics,CRC202079,
28643,752238,2018,N32/0311-M1,WaterMetrics,CRC202852,
28749,35563,2018,N32/0341-M1,WaterCheck,CRC203248,
28796,0,2018,N32/0349-M1,DataCol,CRC214786,
28808,128821,2018,N32/0356-M1,WaterCheck,CRC215083,
28859,122696,2018,N32/0369-M1,WaterCheck,CRC215087,
28871,4448,2018,N32/0371-M1,WaterCheck,CRC174063,
28872,4448,2018,N32/0371-M1,WaterCheck,CRC202042,
28923,257799,2018,N32/0392-M1,DataCol,CRC230559,
29040,223762,2018,N32/0426-M1,WaterMetrics,CRC201527,
29181,169731,2018,N33/0266-M1,WaterCheck,CRC204500,
29190,225732,2018,N33/0279-M1,Aqualinc,CRC203755,
29226,489743,2021,N33/0328-M1,Loncel,CRC203350,
29233,0,2018,N33/0353-M1,WaterMetrics,CRC222298,
29256,297,2018,N33/0372-M1,DataCol,CRC220294,
29393,329113,2018,N33/0432-M1,WaterCheck,CRC169648,
29394,329113,2018,N33/0432-M1,WaterCheck,CRC181649,
29412,73063,2018,N33/0438-M1,WaterCheck,CRC212840,
29437,149784,2018,N33/0460-M1,WaterCheck,CRC103251,
29442,111744,2018,N33/0461-M1,AnnualManual20172018,CRC102974.1,
29457,65146,2022,N34/0102-M1,Aqualinc,CRC200722,
29465,4930,2018,N34/0127-M1,WaterCheck,CRC213465,
29466,4930,2018,N34/0127-M1,WaterCheck,CRC222426,
29467,4930,2018,N34/0127-M1,WaterCheck,CRC223292,
29468,4930,2018,N34/0127-M1,WaterCheck,CRC223843,
29469,4930,2018,N34/0127-M1,WaterCheck,CRC213466,
29470,4930,2018,N34/0127-M1,WaterCheck,CRC222427,
29514,0,2018,N34/0143-M1,Harvest,CRC221032,
29533,23228,2022,N34/0298-M1,WaterCheck,CRC202075,
29534,80805,2018,N34/0302-M1,WaterCheck,CRC204675,
29539,1864,2018,N34/0303-M1,Boraman,CRC224705,
29563,32983,2018,N34/0328-M1,WaterMetrics,CRC221361,
29604,74445,2018,N34/0351-M1,WaterCheck,CRC202956,
29633,0,2022,N36/0107-M1,Loncel,CRC200668,
29644,15483,2018,O31/0088-M1,DataCol,CRC220511,
29649,0,2019,O31/0106-M1,WaterCheck,CRC202185,
29652,0,2022,O31/0121-M1,WaterCheck,CRC231276,
29654,0,2022,O31/0128-M1,Harvest,CRC204446,
29729,50017,2020,O31/0344-M1,AnnualManual20192020,CRC202805,
29731,38475,2018,O31/0348-M1,WaterCheck,CRC214582,
29746,0,2018,O31/0361-M1,DataCol,CRC231246,
29791,55883,2018,O31/0409-M1,WaterCheck,CRC214592,
29836,658,2018,O31/0440-M1,WaterCheck,CRC230025,
29909,110496,2018,O32/0075-M1,Boraman,CRC203958,
29910,110496,2018,O32/0075-M1,Boraman,CRC214241,
29922,0,2018,O32/0078-M1,AnnualManual20182019,CRC212259,
29931,47734,2018,O32/0079-M1,WaterMetrics,CRC212255,
29941,30760,2018,O32/0081-M1,WaterCheck,CRC182177,
29946,1365,2018,O32/0084-M1,WaterCheck,CRC214078,
29956,367307,2018,O32/0104-M1,WaterCheck,CRC093932,
29967,9746,2018,O33/0025-M1,WaterMetrics,CRC204561,
29978,135622,2018,O33/0099-M1,Aqualinc,CRC204437,
30004,136777,2018,O33/0112-M1,SeasonalVolume1617fixed,CRC204833,
30017,191346,2018,O33/0115-M1,Aqualinc,CRC204836,
30023,10,2018,O33/0118-M1,WaterCheck,CRC191036,
30033,141682046,2020,P30/0016-M1,Harvest,CRC222896,
30036,134673,2018,P30/0017-M1,Harvest,CRC210775,
30041,0,2018,P30/0018-M1,Harvest,CRC214410,
30042,0,2018,P30/0018-M1,Harvest,CRC214409,
30056,77555,2018,P30/0020-M1,Harvest,CRC214276,
